<?xml version = "1.0" encoding = "UTF-8"?>
<beans xmlns="http://www.springframework.org/schema/beans"
	xmlns:xsi="http://www.w3.org/2001/XMLSchema-instance"
	xmlns:aop="http://www.springframework.org/schema/aop"
	xsi:schemaLocation="http://www.springframework.org/schema/beans
   http://www.springframework.org/schema/beans/spring-beans-3.0.xsd 
   http://www.springframework.org/schema/aop 
   http://www.springframework.org/schema/aop/spring-aop-3.0.xsd ">


	<aop:config>
		<aop:aspect id="bankAspect1" ref="ba">
			<aop:pointcut expression="execution(* com.wipro.bank.entity.*.*(..))" id="all"/>
			<aop:before method="beforeAdvice" pointcut-ref="all" />
			<aop:after method="afterAdvice" pointcut-ref="all" />
		</aop:aspect>
	</aop:config>

	<bean id="abc" class="com.wipro.bank.entity.AbcBank">
	</bean>
	
	<bean id="ba" class="com.wipro.bank.aspects.BankAspect">
	</bean>
</beans>